url,source,etiket,metin
https://instagram.com/p/DdSFpGKlRD8,instagram,ticari,"Kargoio - Ücretsiz Başlangıç, Kazançlı Sistem! 🏪📦  Sisteme giriş ücreti yok! Mahallenizdeki dükkanınızı Kargoio Esnaf No"
https://instagram.com/p/DdSGOiMFe23,instagram,ticari,Kargoio - Tüm Kargo Noktaları Tek Bir Noktada! 📍📦  Farklı kargo firmaları için şube şube gezmeye son! Kargoio Ankara Göl
https://instagram.com/p/DdVnG0YglTA,instagram,ticari,"📦 KARGONUZ İÇİN TEK ADRES, TÜM SEÇENEKLER!  Artık kargo göndermek için tek tek uğraşmanıza gerek yok! 🚀  🛒 KargoSepetim’"
https://instagram.com/p/DdVsFIzOzYN,instagram,ticari,"🌍Her adım, daha sürdürülebilir bir geleceğe…   16-22 Eylül Avrupa Hareketlilik Haftası’nda; hareketin, çevreye duyarlı u"
https://instagram.com/p/DdV4W_5jazs,instagram,ticari,"🔉 HepsiJet, 13. Perakende Teknolojileri Konferansı Çözüm Oturumu Sponsoru Oldu. @u_e2fe83041a   ℹ️ “E-ticaret kargo taşı"
https://instagram.com/p/DdV9Texoow3,instagram,ticari,"📦 KARGO YÜKLEME PERSONELİ  📍 Lokasyon: Kemalpaşa / İzmir  Kargo yükleme, indirme ve istifleme işlerinde görev alacak çal"
https://instagram.com/p/DdV-hUICpaa,instagram,ticari,"PTT için gerçekleştirdiğimiz kurumsal araç giydirme uygulamasıyla, marka kimliğini araç üzerinde güçlü, düzenli ve yükse"
https://instagram.com/p/DdWMHSeN71f,instagram,ticari,@u_f471291ce1#siparis#kargo#sunum#kesfeteyizz🙏🏻✔️🙏🏻#⃣*⃣#⃣*⃣#⃣*⃣#⃣*⃣#⃣*⃣#⃣*⃣#⃣*⃣#⃣*⃣
https://instagram.com/p/DdWWaD2FrxI,instagram,ticari,"Kimi güne erken başlar, kiminin planları geceye kalır. ☀️🌙  Aras Burası 7/24, senin saatine uyar. Kargonu ister gündüz i"
https://instagram.com/p/DdYFxkEKxhp,instagram,ticari,"Tabii, Dolphin eldiven paylaşımı için altyazı:  🧤 DOLPHIN PUDRASIZ NİTRİL ELDİVEN 💙  Hijyen ve güvenilir kullanım için i"
https://instagram.com/p/DdYL0OqIP73,instagram,ticari,🌱 ATA TOHUMU DEV ÇEKİLİŞİMİZE HOŞ GELDİNİZ! 🌱  🎁 Çekilişe katılım şartları:👇👇👇  ✅ Gönderimizi beğenin. ✅ Gönderiyi kayde
https://instagram.com/p/DdYwXOtnB9P,instagram,ticari,Bugün PTT Kargo'nun geldiği noktayı nasıl değerlendiriyorsunuz?  Profilden veya hikâyemizdeki bağlantıya tıklayarak anke
https://instagram.com/p/DdZQ6c4s8Ek,instagram,ticari,"Kârınız kargo masrafına gitmesin! 📦  Ankara’da e-ticaret yapanlara özel, 0–4 desi gönderilerde 94,64 TL + KDV’den başlay"
https://instagram.com/p/DdZuJZbiGRA,instagram,bireysel,Bende mağdur oluyorum sizlerde haksızmıyım   Hangi kargo firmaları ile sorun yaşadınız anket katılın  Videoyu sonuna kad
https://instagram.com/p/DdZzdw4tXYN,instagram,ticari,"📦 Güvenli ve Hızlı Teslimat | Turhan Kurye Sahada! Zamanla yarışan gönderileriniz, acil evraklarınız ve paketleriniz bek"
https://instagram.com/p/Ddavj4Wjp-B,instagram,ticari,"Gönderilerinizde 24 saatte teslim garantisi #YurtiçiKargo ‘da 💙🧡  İstanbul’dan Gaziantep, Malatya, Erzurum, Trabzon veya"
https://instagram.com/p/Dda1h-5O4MO,instagram,ticari,"📦 Kimi zaman bir hediye, kimi zaman beklenen bir paket…   Her gönderinin ayrı bir hikâyesi var.  #PTT Kargo, Türkiye’nin"
https://instagram.com/p/DdboWD6tq1c,instagram,ticari,Selamünaleyküm arkadaşlar Hayırlı akşamlar hayırlı cumalar 🌼🌼🌼🌼🌼🌼🌼#keveteyim #elemeği #düğünbocası #herşeyedayir #pttkar
https://instagram.com/p/DdeYo5DNF9F,instagram,ticari,HER HAFTA CUMA TÜRKİYE ÇIKIŞLI MİNİVAN PARSİYEL TAŞIMACILIK 🇹🇷 Türkiye’nin her noktasından 🇪🇺 Almanya başta olmak üzere 
https://instagram.com/p/DdeeRK7DfHX,instagram,ticari,Kolay gelsin herkese arkadaşlar sipariş için Dm den ulaşabilirsiniz kapıda ödeme ile gonderiyorum PTT kargo   KARGO ÜCRE
https://instagram.com/p/DdgRsC-sQNj,instagram,ticari,▫️”TÜRKİYE’NİN HER NOKTASINA”#beyazlojistik#kargo#lojistik#taşımacılık#şehirlerarasıtaşımacılık
https://instagram.com/p/DdhFK-2OX_c,instagram,ticari,📦 Tüm siparişleriniz sigortalı kargo ile güvenle gönderilir. 📲 WhatsApp Sipariş Hattı: [tel]  #kargo #sigortalıkargo #yu
https://instagram.com/p/DdifqUADboP,instagram,ticari,"📦 Siparişiniz beklemesin!  Gurur Tekstil’de saat 16.00’ya kadar verdiğiniz siparişler, aynı gün Yurtiçi Kargo’ya teslim "
https://instagram.com/p/DdkGAYlogyh,instagram,ticari,TÜRKİYE’NİN HER YERİNE  Siparişleriniz özenle hazırlanarak Yurtiçi Kargo ile adresinize ulaştırılır.  RESMİ SATIŞ SİTEMİ
https://instagram.com/p/DdlCpHHijz3,instagram,ticari,"Tüm üniversite öğrencilerine, gönderilerinde %35 indirimli kampanyamız devam ediyor 💙🧡  Sadece öğrenci kartınızı göstere"
https://instagram.com/p/DdlQDNDAozN,instagram,ticari,"🚀 İskenderun, hazır mısın? Tüm kargolarınız artık Kargo Sepetim ile tek sepette! Üstelik kapınızdan alım kolaylığıyla ço"
https://instagram.com/p/DdlXlNGsIW9,instagram,ticari,Kargolarımız yolla çıkmıştır ❤️
https://instagram.com/p/Ddl0WLIquMJ,instagram,bireysel,🔔 Yeni şikayet: Yurtiçi Kargo  Yurtiçi Kargo — Kapıda ödeme tutarı yanlış tahsil edildi  Yurtiçi Kargo ile ilgili yaşadı
https://instagram.com/p/Ddl3cU9IyKI,instagram,ticari,5️⃣. MESLEK GRUBU MECLİS ÜYESİ ADAYLARIMIZ 📨  🟦 AHMET SATILMAZ Satılmaz Nakliyat  🟦 MUHAMMED İPEK Hepsijet Doğu Anadolu 
https://instagram.com/p/DdnxxR4CX61,instagram,ticari,📦 **TÜM KARGOLAR TEK SEPETTE!** 🚚  Artık kargonuzu göndermek çok daha kolay! **Kargosepetim Tomruksuyu Şubesi** olarak f
https://instagram.com/p/DdoG08YAnzQ,instagram,ticari,SEVGİLERLE 🩵  #kargo #nisan20
https://instagram.com/p/DdoUpbRoWqH,instagram,ticari,"🖤💛 VEFA BU ARMAYA EN BÜYÜK DESTEK! 💛🖤  Yurtiçi Kargo Müdürü Yusuf Öcal, Sorgunspor FK’mıza destek olmak amacıyla Vefa Ko"
https://instagram.com/p/DdoUxD_CCqI,instagram,ticari,"Online satışlarınızda kargo süreçlerini verimli yönetmek, gönderi hacminize özel fiyatlarla lojistik yükünüzü hafifletme"
https://instagram.com/p/DdouFgpoY12,instagram,ticari,TÜRKİYE’NİN HERYERİNE KARGO İLE GÖNDERİM ‼️  #eskişehirdoktorlarcaddesi #bayançanta #eskışehır #kesfetteyi̇z
https://instagram.com/p/DdqLyG7NHf4,instagram,ticari,"Güçlü altyapı, kesintisiz operasyon.  Depolamadan dağıtıma uzanan her aşamada, iş ortaklarımızın ihtiyaçlarına uygun çöz"
https://instagram.com/p/Ddq8uKOtiKL,instagram,ticari,Sizleri kaliteli hizmetle karşılıyor ve profesyonel çözümler sunuyoruz.   🌐www.mendilojistik.com  📍VAN | İPEKYOLU  #Güve
https://instagram.com/p/DdrApuSoNpz,instagram,bireysel,Takipçi Şikayeti: Kolay gelsin kargo firması tam 12 gündür kargomu teslim edemedi. Nerede olduğunu da bilmiyorlar. Arayı
https://instagram.com/p/DdrZ19boTdP,instagram,ticari,🚨 HepsiJET’te 3 farklı pozisyon için iş fırsatı!  📌 Şube Görevlisi 📌 Depo Personeli  📍 Bağcılar – Esenler – Esenyurt Det
https://instagram.com/p/DdszkFUirvo,instagram,ticari,Müşteri hizmetlerimiz her zaman yanınızda 💙🧡   Tüm sorularınız için bize sosyal medya hesaplarımızdan veya 444 99 99 num
https://instagram.com/p/DdtNLH_iFHH,instagram,ticari,📍TOMRUKSUYU KARGO ŞUBESİ 📍 📦KARGOSEPETİM📦 📦 TÜM KARGOLAR TEK SEPETTE! 🧡💙  🚚 Kargosepetim Tomruksuyu Şubesi olarak tüm gö
https://instagram.com/p/DdtTXHTjYP0,instagram,ticari,"Kuryelerin gözünden günün küçük ama önemli anlarından biri: Doğrulama tamam, sıradaki teslimata devam. 😎  #ArasKargo #Ku"
https://instagram.com/p/DdtlSdIKeav,instagram,ticari,İlk anlaşmalı kargo firmamız: Yurtiçi Kargo. 📦  Opsolia olarak lojistik operasyonlarını daha kolay ve daha avantajlı hal
https://instagram.com/p/DduMFLAIVHm,instagram,ticari,İLAN KAPATİLMİSTİR   #kargo  #zonguldak  #zonguldakereğli  #kdzereğli  #karadenizeregli
https://instagram.com/p/DduRSlXjrcd,instagram,ticari,Tekli mi setli mi sizce?? . . . . . . . . . . . #örgüçıtçıttoka #örgütoka #kargo #toka #küçükişletme
https://instagram.com/p/Dduf_gWgujP,instagram,ticari,"Kargojet X Sürat Kargo  E-ticaret lojistiğinde sınırları zorlayan, hız ve esnekliği bir araya getiren yepyeni bir döneme"
https://instagram.com/p/DdugkNtgnBu,instagram,ticari,"Kargo maliyetleri canınızı sıksa da KargoJet AI her şeyi düşünür! 😎  ""Acaba nerede yanlış yapıyoruz?"" demeye son! KargoJ"
https://instagram.com/p/DdujkWdN61S,instagram,ticari,🌍 STAR CARGO ✈️📦 Çin’den Dünyanın Her Yerine Kargo Hizmeti!  Ürünlerinizi Çin’den dünyanın farklı noktalarına güvenli ve
https://instagram.com/p/Ddw2gBkim6q,instagram,ticari,TELEFONDA BEKLEMEYE SON Müşteri hizmetleri telefon numaraları ve tuşlama adımları  OPERATÖR VE İNTERNET  BİMcell: 444 4 
https://instagram.com/p/DdymcPntUwY,instagram,ticari,#ambar #lojistik #kargo
https://instagram.com/p/Ddymis3tJZq,instagram,ticari,#ambar #lojistik #kargo
https://instagram.com/p/DdynzA-NSw5,instagram,ticari,#ambar #lojistik #kargo
https://instagram.com/p/Ddyn3VoN4v9,instagram,ticari,#ambar #lojistik #kargo
https://instagram.com/p/Ddy62cuCPwf,instagram,ticari,ÇEKME BONCUKLU EŞARP ✨ Ürün fiyatı : 135 ₺ ✨ WhatsApp: [tel] ( sipariş için ) 🚚 PTT - HepsiJet Kargo ile tüm Türkiye
https://instagram.com/p/Ddy-YtDsm7q,instagram,bireysel,"Ne zaman basacaksınız zile, evde bekliyoruz sizi 😂  Yapay zekâ, son yıllarda büyük bir hızla gelişerek yalnızca sorulara"
https://instagram.com/p/DdzOhWlDhNu,instagram,ticari,"Kargo ücretinin üstüne komisyon mu? Bizde yok.  Fiyatı kargo kodunu oluştururken görürsün, KDV dahil. Ay sonunda sürpriz"
https://instagram.com/p/DdzixaLiOgn,instagram,ticari,"Instagram’dan satışa başlamanın en kolay yolu! 🛍️  Instagram adresini gir. Postlarını çek. Ürünleri seç, fiyatlarını gir"
https://instagram.com/p/Dd0fdNaChAu,instagram,ticari,"Antalya Muratpaşa’da bulunan Güzeloba birimimiz ile yeni bir haftaya başlıyor, Ykcan’ımız ile herkese kucak dolusu sevgi"
https://instagram.com/p/Dd0lDF3CCN8,instagram,ticari,*SONBAHARIN FAVORİSİ AREL TAKIM* ✨  Ürün Kodu 8011 • Arel Takım • Renkler | • Mürdüm • Lacivert • Haki • Siyah  1 beden 
https://instagram.com/p/Dd0vgtJAH6N,instagram,ticari,PATİKLİ POLAR TAKIM ●BEDEN: 6-12-18-24 AY  ●FİYAT: 300 TL (1 BEDEN BÜYÜK TERCİH EDİNİZ)   PTT KARGO İLE TÜM TÜRKİYE YE K
https://instagram.com/p/Dd09n4qitzJ,instagram,ticari,Genel Müdürlük yöneticilerimiz ve Türkiye’nin dört bir yanında görev yapan Bölge Müdürlerimizle bir araya geldik. 💙🧡  Ge
https://instagram.com/p/Dd1EOc6CmVD,instagram,ticari,"🫒 GB ZEYTİNCİLİK | Siparişleriniz Güvende! 📦  Doğal lezzetlerimiz, özenle paketlenerek Yurtiçi Kargo güvencesiyle kapını"
https://instagram.com/p/Dd1ZRLWgHiv,instagram,ticari,POLAR KAPŞONLU HIRKA ●BEDEN:9-12-18 AY  ●FİYAT: 350 TL   PTT KARGO İLE TÜM TÜRKİYE YE KAPIDA ÖDEMELİ GÖNDERİM MEVCUTTUR 
https://instagram.com/p/Dd1uZ6vz7bR,instagram,bireysel,"Kargo geldi! Kapıdaki gitmeden yetişmem lazım, elime ne geldiyse örttüm valla! 😂🙈 ​Hazırlıksız yakalanıp 'Bir saniye kar"
https://instagram.com/p/Dd13AywDLso,instagram,ticari,✨Zer Organik Eşarp🌸  Toptan & Tekli Satış Eşarp – Şal  💰 Minimum 10 Adet Karışık Veya Aynı Alım  🚫 Seri Zorunluluğu Yok 
https://instagram.com/p/Dd2CqJ9IwES,instagram,ticari,"NATURAL HEALTH – TÜRKİYE’NİN HER YERİNE  Siparişlerinizi kendi depomuzda özenle hazırlıyor, güvenli şekilde paketliyor v"
https://instagram.com/p/Dd3FAW1DjXI,instagram,ticari,Kampüse Dönüş Kampanyası ile %35 indirim tüm üniversite öğrencilerini bekliyor 💙🧡  Size en yakın birimimize gelerek yapa
https://instagram.com/p/Dd3UJ0eDIoC,instagram,ticari,Jakaralı Pamuk Ayrobin Şal🌸  ☆ Adet Fiyatı :200.00₺  ♡ ÖLÇÜLER: 75x180 ◇ Ptt ve Hepsijet kargo ile çalışmaktayız ◇ 4000₺
https://instagram.com/p/Dd3UozCjFfn,instagram,ticari,Jakaralı Pamuk Ayrobin Şal🌸  ☆ Adet Fiyatı :200.00₺  ♡ ÖLÇÜLER: 75x180 ◇ Ptt ve Hepsijet kargo ile çalışmaktayız ◇ 4000₺
https://instagram.com/p/Dd3UrRijNTY,instagram,ticari,Jakaralı Pamuk Ayrobin Şal🌸  ☆ Adet Fiyatı :200.00₺  ♡ ÖLÇÜLER: 75x180 ◇ Ptt ve Hepsijet kargo ile çalışmaktayız ◇ 4000₺
https://instagram.com/p/Dd3WDPIDBo4,instagram,ticari,Desenli Flamlı  Eşarp🌸  ☆ Adet Fiyatı :85.00₺  ♡ ÖLÇÜLER: 100x100 ◇ Ptt ve Hepsijet kargo ile çalışmaktayız ◇ 4000₺ Üzer
https://instagram.com/p/Dd3WToKjD7k,instagram,ticari,Desenli Flamlı  Eşarp🌸  ☆ Adet Fiyatı :85.00₺  ♡ ÖLÇÜLER: 100x100 ◇ Ptt ve Hepsijet kargo ile çalışmaktayız ◇ 4000₺ Üzer
https://instagram.com/p/Dd3eK8DjNWW,instagram,ticari,Toptan & Tekli Satış Eşarp – Şal  💰 Minimum 10 Adet Karışık Veya Aynı Alım  🚫 Seri Zorunluluğu Yok 💵 Az Al – Toptan Fiya
https://instagram.com/p/Dd3pRgCjmWc,instagram,ticari,":  📦 Etsy siparişleriniz yoğun sezona hazır mı?  Yurtdışına gönderdiğiniz her sipariş, müşterinizle aranızdaki bağın bir"
https://instagram.com/p/Dd3pyZTDhvE,instagram,ticari,"🌍 Uzakları yakın eden hız: Hava Express  Yurt dışına gönderilerinizde hız, güven ve doğru lojistik çözümlerini bir araya"
https://instagram.com/p/Dd3qNcKigs1,instagram,ticari,Zelsun Crafter Kredi kartı 7-12 taksit 119.000₺ Kayseri çevresi ücretsiz nakliye  [tel] Kayseri #kayseri #zelsun #elektr
https://instagram.com/p/Dd3qUd8iguM,instagram,ticari,Zelsun Crafter Kredi kartı 7-12 taksit 105.000₺ Kabinli 119.000₺ Kayseri çevresi ücretsiz nakliye  [tel] Kayseri #kayser
https://instagram.com/p/Dd3ssgeMEyJ,instagram,ticari,#pursaklar #indirim #keşfet #hediyelik #pttkargo
https://instagram.com/p/Dd3w6b3jNM0,instagram,ticari,🌸❗️❗️ANADOLU ŞALVARI ‼️  PAMUKLU ANADOLU ŞALVAR MUHTEŞEM İNDİRİMLİ FİYATLARIYLA SATIŞA SUNULMUŞTUR.   🌸Fiyat : 200.00 TL
https://instagram.com/p/Dd30uNToG0t,instagram,ticari,"Kahramanmaraş’tan yola çıkıyor, güvenle adresinize ulaşıyoruz! 🇹🇷🇬🇧 Eşyalarınızı özenle teslim alıyor, güvenle taşıyor v"
https://instagram.com/p/Dd31jBjgOtH,instagram,ticari,Ortası Boş ve Çiçek Model Lopres Soft Eşarp Fiyat: 145₺ ✅WhatsApp Sipariş Hattımız: [tel] ✅ Online Satış: www.elfatoptan
https://instagram.com/p/Dd30ZdXI_jA,instagram,bireysel,POSTA GÜVERCİNİ Mİ YOKSA PTT KARGO MU TERCİH EDİLMELİ? @u_acffacce35 Bakanı’mız Sayın @u_0208ef5e2e… Yaklaşık 98 saat ön
https://instagram.com/p/Dd32sGDjpVX,instagram,ticari,Haki rengine yapılacak en güzel renk kombini diyebilir miyizz ?🥰 Öyle güzel görünüyor ki işlenmiş hali nasıl duracak diy
https://instagram.com/p/Dd35hO9iPoI,instagram,bireysel,Kargo beklediğimiz gün ev kendi isteğimizle girdiğimiz açık cezaevine dönüşüyor. 😂  #Kargo #OnlineAlışveriş #EvHalleri #
https://instagram.com/p/Dd1zbJfMYBr,instagram,bireysel,Ailem Tekirdağ’dan Siirt’e bize 25 şişe salça göndermişti. Kargoya verirken üzerine özellikle “KIRILIR” ibaresi de yapış
https://instagram.com/p/Dd4Myqsus9O,instagram,ticari,İnanç&Mehmet çiftimize mutluluklar dilerim 🌸Bizi tercih ettiginiz icin teşekkurler ..  #sipariş#sözhediyelikleri#kargo#h
https://instagram.com/p/Dd4NF_Us0mx,instagram,bireysel,Ptt kargo pişmanlıktır 🫩  Gönderdiğim ürünler hep kırık sonuca bi bakarmısınız ben bunları özenle paketlıyorum pat pat n
https://instagram.com/p/Dd4d0wpurWL,instagram,ticari,📦 KARGO ANLAŞMANIZ YOK MU? KARGONUZ PAHALI MI?  Esnaf ve e-ticaret satıcıları için AKAGO burada! 🚀  Kargonuzu şubeye taş
https://instagram.com/p/Dd4gqEHOXvb,instagram,ticari,NEW BALANCE 9060  ☘️LACİVERT ANSTRASİT DETAY ☘️BARKODLU ÜRÜN ☘️İTHAL ÜRÜN ☘️KARE KODLU KUTU ☘️YARIM NUMARA DAR KALIP ‼️ 
https://instagram.com/p/Dd4jfkuIa4n,instagram,ticari,"Bir eğitimi daha başarıyla tamamladık! ❤️  İlk yardımın önemini eğlenerek, uygulayarak ve öğrenerek bir kez daha deneyim"
https://instagram.com/p/Dd4lbDtuaSS,instagram,bireysel,Kolay iş kanka. . #kargo #araba #trendyol
https://tiktok.com/@/video/7686081379234237716,tiktok,bireysel,İade süreçlerinde alıcı kusurlu ürünün iadesini yaptığında alıcı koruma ücreti düşürülerek hesabına yansıtılıyor. satıcı
https://tiktok.com/@/video/7686146960218164501,tiktok,bireysel,KASIM GELİYOORRR +300 ler bizi bekliyooooo.                                  #trendyolexpress #kargo #kargoişi #fiatdobl
https://tiktok.com/@/video/7686457167012007188,tiktok,bireysel,ya gelsene buraya#oe #araskargo #keşfet
https://tiktok.com/@/video/7686601863843695893,tiktok,bireysel,Sinirli bi video #şikayetvar #zara #kargomgeldi #fy @u_1e8ef5a123 umarım önüne düşer bu video Zara rezillik
https://tiktok.com/@/video/7686825366505360661,tiktok,bireysel,kargomun gelmesini camda beklerken ben *görünen markalar için reklam yoktur
https://tiktok.com/@/video/7687161149149809928,tiktok,bireysel,11 ürünü eksiksiz şekilde iade için kargoya teslim ettim. İade incelemesinde bana 11 üründen 7 ürünün eksik olduğu söyle
https://tiktok.com/@/video/7683115952136867093,tiktok,bireysel,#reklam değildir kargoların bu kadar ilgisiz olması hakkında ne düşünüyorsunuz  #kargo #şikayet #sohbet #sikayet
https://tiktok.com/@/video/7688725447693143316,tiktok,bireysel,#keşfet #kargo #şikayetimvar #kargomgeldi #keşfet
https://tiktok.com/@/video/7690610873320197382,tiktok,bireysel,"HEPSİ JET"" BULUŞALIM ♥️🫡 GOON""TECH""FARKIYLA ♥️🖐️ #sotrlikvideolar📌  #tırcılaralemi  #hergünyenilenkesfet😇  #BizeHeryerbi"
