source,url,published_at,collected_at,author,text
eksi,https://eksisozluk.com/entry/186446715,2026-09-16T07:49:00+03:00,2026-09-29T18:34:06+00:00,u_4df176df4c,bir kargoyu 3-4 günden önce teslim edemeyen firma. yurtiçi ve aras kargolarım dünya yıkılsa 48 saat içerisinde elimde oluyor. sorun şehrimin bayisi değil. onlar şehre varır varmaz dağıtıma çıkarıyorlar. anadolu operasyonları sıkıntılı.
eksi,https://eksisozluk.com/entry/186453097,2026-09-16T14:26:00+03:00,2026-09-29T18:34:12+00:00,u_a84a225cb5,bu nasıl rezil bir kargo firmasıdır anlamak mümkün değil. cumartesi gününden beri kargomu teslim alamıyorum. teslimat adresim iş yerim. sabah 08:00 akşam 18:00 iş yerinde çalışıyorum. 3 gündür dağıtımı yapan kişi akşam 7-8 saatleri arasında getirmeye çalışıyor inatla. adres bilgisi açıkça belli iş yeri olduğu. gün içerisinde teslim etmek bu kadar mı zor. diyorum ki bir teslimat noktanız şubeniz var ise ben gelip alayım cevap hayır yok. dağıtım yapan arkadaşın numarasını verin gidip araçtan alayım cevap hayır numarasını veremeyiz. diyorum ki akşam getirecekseniz illa evin adresini gireyim o zaman ona da bir garanti veremeyiz. 3 gündür resmen saklambaç oynuyoruz adamlarla. bugünde eğer teslim alınmazsa iade. kardeşim siz şaka mısınız? amazonun bir an önce bırakması gereken firma. sırf bunlar yüzünden amazondan bir şeyler almak istemiyorum artık.
eksi,https://eksisozluk.com/entry/186457069,2026-09-16T17:57:00+03:00,2026-09-29T18:33:54+00:00,u_5f455623c2,keşke alışveriş uygulamalarında seçenek olsa da seçmesem. bunlarla niye kargo gönderiliyor anlamıyorum.
eksi,https://eksisozluk.com/entry/186462155,2026-09-16T22:07:00+03:00,2026-09-29T18:33:50+00:00,u_37f273c516,rezil bir kargo firmasıdır. geçenlerde birkaç defa sıkıntı yaşamış ve şikayette bulunmuştum. o şubedeki kürdoyu şutlamış ve şubeyi de şu an için kapatmışlar. şikayetimle alakası var mıdır bilmem ama iyi olmuş.
eksi,https://eksisozluk.com/entry/186473580,2026-09-17T12:46:00+03:00,2026-09-29T18:33:50+00:00,u_0a2e409b43,"canına yandığımın memleketinde işini düzgün yapan tek bir kurumun olmamasına örnek gösterilebilecek en güzel kurumdur. pazartesi teslim edilen kargomun ankara'dan istanbul'a gelmesi 1 gün sürdü, kargo iki gündür şehir içi aktarmada görünüyor, istanbul'un büyük olduğunu bilirdim de bu kadarını tahmin etmiyordum. bir kaç haftaya kavuşuruz inşallah sevgili kargomla."
eksi,https://eksisozluk.com/entry/186476718,2026-09-17T15:34:00+03:00,2026-09-29T18:33:39+00:00,u_1ee3e044cc,"kapıyı bile çalmadan kargonuzu dağıtım ofisine bırakıp sizi evde bulamadık derler. telefonla aramışlar, işten sabah geldim, uyuyordum, telefonun sesi kısık ama kapı çalsa uyanıp açacağım. telefonla ulaşamayınca evde olmadığım çıkarımına ulaşabilen aşırı zeki teslimat personelleri olduğu için şimdi o personellerin işini ben yapıp kargo şubesine kadar gitmem gerekiyor. seçebilsem asla onlarla çalışmayı seçmem."
eksi,https://eksisozluk.com/entry/186478296,2026-09-17T17:01:00+03:00,2026-09-29T18:33:34+00:00,u_fd8f6c6409,"manisa içerisinde kesinlikle kargo dağıtımı yapmayan firma. ne zaman bunlardan kargom gelse evde bulamadık bahanesiyle şubeden teslim almamı isteyen bir telefon geliyor, aksi halde iade edeceklerini söylüyorlar. eğer manisa içerisine kargo gönderecekseniz uzak durun madur olursunuz. merkezdeki mesir ve spil şubeleri hepsi aynı."
eksi,https://eksisozluk.com/entry/186478961,2026-09-17T17:37:00+03:00,2026-09-29T18:34:35+00:00,u_c3bd552e9c,"iğrenç kargo şirketi. iki seferdir rezalet bir deneyim yaşattılar. iletişim için verdikleri şube numaraları da asla açılmıyor, whatsapp hattındaki temsilci de hiçbir şey bilmiyor. amazon gibi koskoca şirket nasıl oluyorda bu rezil firma ile çalışıyor akıl sır erdiremedim."
eksi,https://eksisozluk.com/entry/186479365,2026-09-17T17:59:00+03:00,2026-09-29T18:33:49+00:00,u_c3fe45d685,"sadece 'gelse de olur gelmese de' siparişlerinde kullandığım kargo. mesela evdeki üçlü led ampullerden biri patladı. sipariş verdim ama ikisiyle de idare edebiliyorum. gelirse takarım, gelmezse hayatımda çok büyük bir değişiklik olmaz. sıfır beklentiyse tercih edilmeli."
eksi,https://eksisozluk.com/entry/186502990,2026-09-18T18:37:00+03:00,2026-09-29T18:34:33+00:00,u_e76e17c842,diğer kargo şirketlerinin itibarını düzeltmek için kurulmuş kargo şirketi. yok diyor en kötü benim diyor ptt falan hikaye diyor
eksi,https://eksisozluk.com/entry/186503375,2026-09-18T19:02:00+03:00,2026-09-29T18:34:51+00:00,u_e845f81d22,geçen gün bir tüketici laptop almış. kutudan çıkan ise tamamen aynı renkte 1 adet mermer. :) trajedinin böylesi...
eksi,https://eksisozluk.com/entry/186515746,2026-09-19T10:39:00+03:00,2026-09-29T18:34:06+00:00,u_05268297c8,"saat 10:03'te kargonuz dağıtıma çıktı, 4 saat içinde kapınızda olacağız, saat 10:06'da işyeri kapalıydı, kargonuzu teslim edemedik diye mesaj atan kargo firması. tüm bunlar yaşanırken işyerindeki koltuğumda oturuyordum. bu arada merak edip canlı takibe bakayım dedim, kargo aracı en 5-6km uzakta, muhtemelen hala kargo merkezi çevresinde takılıyordu."
eksi,https://eksisozluk.com/entry/186516570,2026-09-19T11:32:00+03:00,2026-09-29T18:34:47+00:00,u_26a6673fa3,haftaiçi 5 gün evdeyken dağıtım gününün gele gele haftasonuna gelmesi berbat bir şey ya. bir de öyle bir saat vermişler ki hani evden çıksan çıkamazsın tam günün orta yerine yarak gibi kargo event'i konulmuş. keşke erteleseydim teslimat gününü peh.
eksi,https://eksisozluk.com/entry/186517190,2026-09-19T12:07:00+03:00,2026-09-29T18:33:39+00:00,u_151da83a5f,görsel bir de teslim edildi yazıyorlar git uğraş bunlarla
eksi,https://eksisozluk.com/entry/186518405,2026-09-19T13:14:00+03:00,2026-09-29T18:34:00+00:00,u_eb7c62642b,"hep olumsuz yorumlar okuduğum trendyol iştiraki. ancak ben farklı düşünüyorum. hepsi express'le beraber über başarılıdır kendisi. türkiye kargo konusunda çok ilerledi, dünyada zirveye oynuyor. keşke başka konuda zirveye oynasaydık ama elden gelen bu *"
eksi,https://eksisozluk.com/entry/186547297,2026-09-20T16:17:00+03:00,2026-09-29T18:34:44+00:00,u_ef23fcc84a,insen ne olacak diyor sen çıksan ne olacak. bir de atarlı atarlı konuşmalar. ben inmek zorunda değilim çünkü benim evim giriş katta değil. uydurdukları bir yalan var elim ağrıyor bacağım ağrıyor vs. zorla çıktım vs. teslimat kodu diye bir olay var onu da pas geçip ya da telefondan öğrenip çoğu kargoyu kapıya bırakıp gidiyorlar. işin kolayını bulmuşlar ses çıkarana da zorbalık yapıyorlar.
eksi,https://eksisozluk.com/entry/186560202,2026-09-20T22:51:00+03:00,2026-09-29T18:34:40+00:00,u_bfec5ab462,kargo için inanılmaz paralar kesiyorlar. trendyol satıcısı iseniz mutlaka finans --> sipariş kayıtlarından gönderilerinize ne kdr kargo kestiklerine bakın. çok şey söylemek isterdim de dava edilmek istemiyorum
eksi,https://eksisozluk.com/entry/186568476,2026-09-21T10:37:00+03:00,2026-09-29T18:34:38+00:00,u_6ebc866984,ilginç bir sevinç. aldığım da 6'lı beyaz seher yıldızı atlet.
eksi,https://eksisozluk.com/entry/186568512,2026-09-21T10:39:00+03:00,2026-09-29T18:34:38+00:00,u_a7206d8440,zamanında aliexpress ve temu dan verdiğim siparişleri beklerken hissederdim.
eksi,https://eksisozluk.com/entry/186570558,2026-09-21T12:32:00+03:00,2026-09-29T18:34:00+00:00,u_ec051d568d,az once kuryesi kapimi oyle bir caldi ki yemin ediyorum muhalif eski bi tivitimden dolayi operasyon cekiliyor da polis kapima dayandi da simdi kocbasiyla girisecek zannettim. korkudan titredim. o nasil gumbede gumbede kapi yumruklamaktir yigidim guc denemesi mi yapiyorsun?
eksi,https://eksisozluk.com/entry/186579849,2026-09-21T21:31:00+03:00,2026-09-29T18:34:33+00:00,u_1e1aa64e1e,"amazon siparişim için beni şahsi numarasından arayıp kendini tanıtmadan ""siz kimsiniz, ben ona göre söyleyeceğim kim olduğumu' diyen ve bunun normal olduğunu düşünen, istediği yanıtı alamayınca da telefonda avaz avaz bağıran, kamera şakası gibi bir kuryeye sahip liyakatsiz kargo firması."
eksi,https://eksisozluk.com/entry/186580017,2026-09-21T21:39:00+03:00,2026-09-29T18:34:33+00:00,u_8c6c31f6e6,"zara’dan sonra boyner de bu firma ile gonderim yapmaya baslamis. sirf bu yuzden bu markalardan en azindan online alisveris yapmiyorum, isini ciddiyetsizce yapan, urunu teslim ettik deyip etmeyen, aradik diyip aramayan, musteri hizmetlerine ulasilamayan, ve istanbul’da bile anca uc bes subesi bulunan boyle amator ve isine saygisiz bir firma ile calisan kim varsa oralardan alisverisi birakiyorum. kendi adima bu adamlarla ugrasip sinir hastasi olmak yerine buldugum cozum bu oldu. bunlarla calisan firmalara da usenmeyip sikayetlerimi yaziyorum, daha bir kez bile duzgun teslimat yapmadilar, buyuk firmalar nasil boyle yerlerle calisiyor aklim almiyor!"
eksi,https://eksisozluk.com/entry/186580939,2026-09-21T22:19:00+03:00,2026-09-29T18:34:33+00:00,u_b2c3ed5454,"arkadaş aramış paketi getirecekmiş evde herkes var bi ben yokum ama ulaşamayınca çıkmamış beyefendi. sonra yine aynısı olmuş beni aramış ulaşamamış saat akşam 8 bu arada. geri dönüyorum sen kimsin diye. abi paket var yakındayım istersen gel al, yarın yine çıkaramam diyor iade et ozaman diyorum. ertesi gün başka bir siparişim var onun için arıyor. abi evdeysen getiriyim. aga sen niye telefonla uğraşıyon, git adrese yoksak ara. eee abi kapı zili çalışmıyo falan fişman. nası çalışmıyo diyip sıkıştırınca arayıp paketi teslim ediyor ama 2. paketi. ilk paket ortada yok. amazonu arıyorum amazon siparişi iptal ediyor. paramı geri gönderiyor. sonra bu yine arıyor abi getiriyim mi paketi? madem getirecektin ne diye iade ederim diyorsun? ses yok. müşteri hizmetleri numarası da komik haaa, whatsapp uyhulama mesajını telefona gönderiyor. ordan whatsapp uygulamasında karfom nerde diye soruyorsun. müşteri hizmeti dedikleri de bu. arkadaşlar bi whatsapp botu ile çözmüşler. bir müşterinin kargom nerede harici sorunu olamaz bunlsrda. olursa da sorun değildir, siz büyütüyorsunuzdur."
eksi,https://eksisozluk.com/entry/186591770,2026-09-22T11:57:00+03:00,2026-09-29T18:33:49+00:00,u_fa2c834563,"ankara'dan 1 günde gelen kargo 2 gündür üsküdar'ı turluyor. çağrı merkezinden düzgün cevap alınamayan, yavaş ve basiretsiz kurum. tanımı es geçmeyeyim."
eksi,https://eksisozluk.com/entry/186593277,2026-09-22T13:15:00+03:00,2026-09-29T18:34:04+00:00,u_058b53f739,"kurye posta kutunun kilidini zorlayıp kırmış. güvenlik kamerasından teyit edip şikayet ettim firmaya. kurye beni arıyor. şu muhteşem yönetime bakar mısınız? şikayetleri inceledim. çok fazla benzer durum var. şikayet edilen personel, şikayet edene ulaşıyor. müşterinin adresi belli evi belli, siz gerizekalı mısınız sayın hepsijet? gönderici firmaya yazdım bu şirket ile çalışmayın diye. artık siparişlerde bu seçeneği direk eleyeceğim."
x,https://x.com/i/status/2100139633803710964,2026-09-16T08:28:02+00:00,2026-09-29T19:38:48+00:00,u_7aab381379,Kargom tüm şehirleri dolaşma kararı aldı sanırsam. Mardinde ne işi var kargomun ya yollasanıza evime https://t.co/kUiQ9SWNoY
x,https://x.com/i/status/2100142123148263828,2026-09-16T08:37:55+00:00,2026-09-29T19:38:48+00:00,u_72ccda6f3a,Bir an önce gelmesini beklediğim kargom. https://t.co/g780FhNOM3
x,https://x.com/i/status/2100170298574160124,2026-09-16T10:29:53+00:00,2026-09-29T19:38:48+00:00,u_17fb9d1d1b,Bu Ptt kargoyu dağıtmayacaksa ne işe yarıyor abi herhangi bir bilgilendirme yapmak çok mu zor gerçekten telefondan şubeyi ararız açmazlar kargom kaç gündür aynı yerde bekliyor kargomu istiyorum canınızı değil
x,https://x.com/i/status/2100181111577964640,2026-09-16T11:12:51+00:00,2026-09-29T19:38:48+00:00,u_e3201fc0a2,kargom gelsin artik mkk
x,https://x.com/i/status/2100186281258922455,2026-09-16T11:33:23+00:00,2026-09-29T19:38:45+00:00,u_a56e93d40b,Bugün okula gitmedim diye sürekli odamdaydım ve babam evde olduğumu bilmiyor o yüzden sesimi falan çıkarmadım kargocu durmadan zili çalıyor ve ben babamın kapıyı açmasını bekliyorum meğerse adam evde yokmuş amk kargom gelicekti bugün 😭😭😭
x,https://x.com/i/status/2100205336359473468,2026-09-16T12:49:06+00:00,2026-09-29T19:38:45+00:00,u_609b5c4789,ptt gratis kargom ile sehir turu yapiyo :( https://t.co/XiNssoLZTR
x,https://x.com/i/status/2100205825293742138,2026-09-16T12:51:03+00:00,2026-09-29T19:38:45+00:00,u_387a24b8ad,ikinci kargom geldi. adam resmen bir sayfasını bile okumamış ikisi 153 liraya geldi.. https://t.co/BxT1YGXa6m
x,https://x.com/i/status/2100207856259600832,2026-09-16T12:59:07+00:00,2026-09-29T19:38:45+00:00,u_44dabaf1cd,Yehu kargom gelmiş 🔥🤩 https://t.co/7FIadFN6TB
x,https://x.com/i/status/2100212954159354102,2026-09-16T13:19:22+00:00,2026-09-29T19:38:45+00:00,u_b727988b14,OFFF duşa girmek istiyorum ama kargom yolda ve kaçta geleceğini yazmıyor.
x,https://x.com/i/status/2100228230204600650,2026-09-16T14:20:05+00:00,2026-09-29T19:38:45+00:00,u_6d2707798a,Acil olan iki farklı kargom günlerdir bana ulaşmadı. Ben de dönüş bekliyorum!  @u_6ad9d36eea
x,https://x.com/i/status/2100230132023668901,2026-09-16T14:27:38+00:00,2026-09-29T19:38:45+00:00,u_c236aca3bb,"Aşkı aramıyorum. Kargom kayboldu, önce onu bulalım :p"
x,https://x.com/i/status/2100242767385440757,2026-09-16T15:17:51+00:00,2026-09-29T19:38:45+00:00,u_cd23439ec7,kargom geldigi icin dunyanin en mutlu insani benm
x,https://x.com/i/status/2100244818127462625,2026-09-16T15:25:59+00:00,2026-09-29T19:38:45+00:00,u_3075e58a88,cuma gunu de BASKA BİR KARGOM geliyo niye bu kadar cabuk geldi umarim salatalik gondermezler kahrolurum yoksa
x,https://x.com/i/status/2100258206463217666,2026-09-16T16:19:11+00:00,2026-09-29T19:38:45+00:00,u_9c22e15e1e,Kargom eve istediğin gibi gelince bendeki güç zehirlenmesi https://t.co/Hy4fOawi9K
x,https://x.com/i/status/2100270030835335398,2026-09-16T17:06:11+00:00,2026-09-29T19:38:45+00:00,u_adb0ecb5c8,Trendyoldan bir tane bir şey alıyorum on yerden yazıyorlar tamam anlıyorum kargom geldi anlamıcaz diye ödleri kopuyor sanırım
x,https://x.com/i/status/2100270444125323594,2026-09-16T17:07:49+00:00,2026-09-29T19:38:45+00:00,u_6fe20eb5d3,@u_6ad9d36eea kargom sabahtan beri teslimatta gözüküyor ama bu saate kadar gelmedi. Şimdi de yarın teslim edileceğini söylüyorsunuz. Acilen paketimin elime ulaşmasını istiyorum sabahtan beri bekliyorum gelen giden yok. Utanmıyor musunuz insanları yanıltmaya?
x,https://x.com/i/status/2100280020337864708,2026-09-16T17:45:52+00:00,2026-09-29T19:38:45+00:00,u_ab226bdc9d,kargom hala dagitimda gozukuyor acaba kurye aksam serinliginin cokmesini mi bekledi
x,https://x.com/i/status/2100295324661133395,2026-09-16T18:46:41+00:00,2026-09-29T19:38:45+00:00,u_3075e58a88,kargom gelirse yarin sizinle acilis yapcam gelen gelsin gelmeyen de gelsin
x,https://x.com/i/status/2100301317717541016,2026-09-16T19:10:30+00:00,2026-09-29T19:38:45+00:00,u_df96d1f0e8,"Kargom Fethiye'den geliyormuş sen gelme,yaz bitmeden ben senin yanına geleyim canım sjsjsjsjssj https://t.co/ZWr3PDcgXM"
x,https://x.com/i/status/2100308440941748408,2026-09-16T19:38:48+00:00,2026-09-29T19:38:45+00:00,u_741f2efba5,"@u_01c3622fff @u_fcac27c356 Kargom elden teslim edildi, oysa ben BINGILDAK kargo seçmiştim - Ezgi Y."
x,https://x.com/i/status/2100505349161640348,2026-09-17T08:41:15+00:00,2026-09-29T19:14:01+00:00,u_d4b5976c1b,"15 Eylül’den beri teslimat merkezinde bekleyen kargom 3 gündür dağıtıma çıkarılmıyor. Randevu oluşturdum, yine gelmedi. Müşteri hizmetlerinin tek cevabı “operasyon ekibine aktarıldı.” Kargom nerede, neden dağıtılmıyor? Muhatap yok, açıklama yok. Bu nasıl hizmet? @u_6ad9d36eea"
x,https://x.com/i/status/2100506740865273990,2026-09-17T08:46:47+00:00,2026-09-29T19:14:01+00:00,u_0101e962e1,"Sürat Kargo’dan gelen 40 kiloluk kargom, evim dağıtım şubesine sadece 1 kilometre mesafede olmasına rağmen “dağıtım alanı dışında” denilerek teslim edilmiyor.  40 kiloluk kargoyu şubeden benim almam isteniyor. 1 kilometre öteye teslimat yapmıyorsanız bu kargo hizmeti tam olarak ne işe yarıyor? @u_bfede2922b @u_5fd866a06e @u_40392d0364"
x,https://x.com/i/status/2100508337850798201,2026-09-17T08:53:07+00:00,2026-09-29T19:14:01+00:00,u_c593b18179,Güzel tatlı bir sürprizle başladık uzun zamandır beklediğim kargom dağıtıma çıkmış çok şükür ya
x,https://x.com/i/status/2100540085179432978,2026-09-17T10:59:17+00:00,2026-09-29T19:14:01+00:00,u_44a9312f7b,KARGOM GELDİ
x,https://x.com/i/status/2100543718709227584,2026-09-17T11:13:43+00:00,2026-09-29T19:14:01+00:00,u_ed819ac066,arkadaşlar nöbetçiyim… kargom eve geldi ben yokum… internet aşırı zor çekiyor… uykum var… yarın öğlen eve gidebileceğim… canım çok sıkılıyor…😭😭
